Image_ID,Label (Genus),Resolution,Image_Format,File_Size (KB)
criconema (1).jpg,Genus Criconema,1280x1024,JPEG,387.53
criconema (2).jpg,Genus Criconema,1280x1024,JPEG,391.3
criconema (3).jpg,Genus Criconema,1280x1024,JPEG,260.7
criconema (4).jpg,Genus Criconema,1280x1024,JPEG,417.61
Criconemoides (1).jpg,Genus Criconemoides,1280x1024,JPEG,518.05
Criconemoides (2).jpg,Genus Criconemoides,1280x1024,JPEG,603.67
Criconemoides (3).jpg,Genus Criconemoides,1280x1024,JPEG,519.44
Criconemoides (4).jpg,Genus Criconemoides,1280x1024,JPEG,491.32
Criconemoides (5).jpg,Genus Criconemoides,1280x1024,JPEG,463.58
Criconemoides (6).jpg,Genus Criconemoides,1280x1024,JPEG,531.85
Criconemoides (7).jpg,Genus Criconemoides,1280x1024,JPEG,414.79
Criconemoides (8).jpg,Genus Criconemoides,1280x1024,JPEG,391.61
Criconemoides (9).jpg,Genus Criconemoides,1280x1024,JPEG,380.68
Criconemoides (10).jpg,Genus Criconemoides,1280x1024,JPEG,454.93
Criconemoides (11).jpg,Genus Criconemoides,1280x1024,JPEG,416.71
Criconemoides (12).jpg,Genus Criconemoides,1280x1024,JPEG,444.39
Criconemoides (13).jpg,Genus Criconemoides,1280x1024,JPEG,460.84
Criconemoides (14).jpg,Genus Criconemoides,1280x1024,JPEG,424.71
Criconemoides (15).jpg,Genus Criconemoides,1280x1024,JPEG,370.56
Criconemoides (16).jpg,Genus Criconemoides,1280x1024,JPEG,398.98
Criconemoides (17).jpg,Genus Criconemoides,1280x1024,JPEG,419.62
Criconemoides (18).jpg,Genus Criconemoides,1280x1024,JPEG,426.93
Criconemoides (19).jpg,Genus Criconemoides,1280x1024,JPEG,392.63
Criconemoides (20).jpg,Genus Criconemoides,1280x1024,JPEG,370.27
Criconemoides (21).jpg,Genus Criconemoides,1280x1024,JPEG,448.81
Criconemoides (22).jpg,Genus Criconemoides,1280x1024,JPEG,448.08
Criconemoides (23).jpg,Genus Criconemoides,1280x1024,JPEG,416.37
Criconemoides (24).jpg,Genus Criconemoides,1280x1024,JPEG,386.2
Criconemoides (25).jpg,Genus Criconemoides,1280x1024,JPEG,424.11
Criconemoides (26).jpg,Genus Criconemoides,1280x1024,JPEG,442.86
Criconemoides (27).jpg,Genus Criconemoides,1280x1024,JPEG,388.46
Criconemoides (28).jpg,Genus Criconemoides,1280x1024,JPEG,364.56
Criconemoides (29).jpg,Genus Criconemoides,1280x1024,JPEG,443.59
Criconemoides (30).jpg,Genus Criconemoides,1280x1024,JPEG,407.57
Criconemoides (31).jpg,Genus Criconemoides,1280x1024,JPEG,378.34
Criconemoides (32).jpg,Genus Criconemoides,1280x1024,JPEG,369.28
Criconemoides (33).jpg,Genus Criconemoides,1280x1024,JPEG,392.16
Criconemoides (34).jpg,Genus Criconemoides,1280x1024,JPEG,397.1
Criconemoides (35).jpg,Genus Criconemoides,1280x1024,JPEG,398.9
Criconemoides (36).jpg,Genus Criconemoides,1280x1024,JPEG,424.03
Criconemoides (37).jpg,Genus Criconemoides,1280x1024,JPEG,385.46
Criconemoides (38).jpg,Genus Criconemoides,1280x1024,JPEG,481.23
Criconemoides (39).jpg,Genus Criconemoides,1280x1024,JPEG,430.75
Criconemoides (40).jpg,Genus Criconemoides,1280x1024,JPEG,377.96
Criconemoides (41).jpg,Genus Criconemoides,1280x1024,JPEG,368.66
Criconemoides (42).jpg,Genus Criconemoides,1280x1024,JPEG,429.44
Criconemoides (43).jpg,Genus Criconemoides,1280x1024,JPEG,403.21
Criconemoides (44).jpg,Genus Criconemoides,1280x1024,JPEG,417.8
Criconemoides (45).jpg,Genus Criconemoides,1280x1024,JPEG,377.37
Criconemoides (46).jpg,Genus Criconemoides,1280x1024,JPEG,401.18
Criconemoides (47).jpg,Genus Criconemoides,1280x1024,JPEG,396.97
Criconemoides (48).jpg,Genus Criconemoides,1280x1024,JPEG,387.79
Criconemoides (49).jpg,Genus Criconemoides,1280x1024,JPEG,379.25
Criconemoides (50).jpg,Genus Criconemoides,1280x1024,JPEG,428.83
Criconemoides (51).jpg,Genus Criconemoides,1280x1024,JPEG,452.03
Criconemoides (52).jpg,Genus Criconemoides,1280x1024,JPEG,499.91
Criconemoides (53).jpg,Genus Criconemoides,1280x1024,JPEG,398.71
Criconemoides (54).jpg,Genus Criconemoides,1280x1024,JPEG,450.65
Criconemoides (55).jpg,Genus Criconemoides,1280x1024,JPEG,468.04
Criconemoides (56).jpg,Genus Criconemoides,1280x1024,JPEG,416.55
Criconemoides (57).jpg,Genus Criconemoides,1280x1024,JPEG,372.15
Criconemoides (58).jpg,Genus Criconemoides,1280x1024,JPEG,441.92
Criconemoides (59).jpg,Genus Criconemoides,1280x1024,JPEG,464.57
Criconemoides (60).jpg,Genus Criconemoides,1280x1024,JPEG,455.08
Criconemoides (61).jpg,Genus Criconemoides,1280x1024,JPEG,456.06
Criconemoides (62).jpg,Genus Criconemoides,1280x1024,JPEG,435.52
Criconemoides (63).jpg,Genus Criconemoides,1280x1024,JPEG,388.84
Criconemoides (64).jpg,Genus Criconemoides,1280x1024,JPEG,471.54
Criconemoides (65).jpg,Genus Criconemoides,1280x1024,JPEG,426.03
Criconemoides (66).jpg,Genus Criconemoides,1280x1024,JPEG,478.32
Criconemoides (67).jpg,Genus Criconemoides,1280x1024,JPEG,420.76
Criconemoides (68).jpg,Genus Criconemoides,1280x1024,JPEG,380.69
Criconemoides (69).jpg,Genus Criconemoides,1280x1024,JPEG,362.12
Criconemoides (70).jpg,Genus Criconemoides,1280x1024,JPEG,515.25
Criconemoides (71).jpg,Genus Criconemoides,1280x1024,JPEG,466.29
Criconemoides (72).jpg,Genus Criconemoides,1280x1024,JPEG,533.47
Criconemoides (73).jpg,Genus Criconemoides,1280x1024,JPEG,451.44
Criconemoides (74).jpg,Genus Criconemoides,1280x1024,JPEG,378.95
Criconemoides (75).jpg,Genus Criconemoides,1280x1024,JPEG,362.29
Criconemoides (76).jpg,Genus Criconemoides,1280x1024,JPEG,457.0
Criconemoides (77).jpg,Genus Criconemoides,1280x1024,JPEG,397.05
Criconemoides (78).jpg,Genus Criconemoides,1280x1024,JPEG,456.87
Criconemoides (79).jpg,Genus Criconemoides,1280x1024,JPEG,453.72
Criconemoides (80).jpg,Genus Criconemoides,1280x1024,JPEG,424.12
Criconemoides (81).jpg,Genus Criconemoides,1280x1024,JPEG,373.96
Criconemoides (82).jpg,Genus Criconemoides,1280x1024,JPEG,465.23
Criconemoides (83).jpg,Genus Criconemoides,1280x1024,JPEG,465.42
Criconemoides (84).jpg,Genus Criconemoides,1280x1024,JPEG,404.32
Criconemoides (85).jpg,Genus Criconemoides,1280x1024,JPEG,378.85
Criconemoides (86).jpg,Genus Criconemoides,1280x1024,JPEG,474.93
Criconemoides (87).jpg,Genus Criconemoides,1280x1024,JPEG,530.42
Criconemoides (88).jpg,Genus Criconemoides,1280x1024,JPEG,388.53
Criconemoides (89).jpg,Genus Criconemoides,1280x1024,JPEG,375.33
Criconemoides (90).jpg,Genus Criconemoides,1280x1024,JPEG,432.1
Criconemoides (91).jpg,Genus Criconemoides,1280x1024,JPEG,460.04
Criconemoides (92).jpg,Genus Criconemoides,1280x1024,JPEG,396.75
Criconemoides (93).jpg,Genus Criconemoides,1280x1024,JPEG,374.32
Criconemoides (94).jpg,Genus Criconemoides,1280x1024,JPEG,418.41
Criconemoides (95).jpg,Genus Criconemoides,1280x1024,JPEG,414.95
Criconemoides (96).jpg,Genus Criconemoides,1280x1024,JPEG,412.33
Criconemoides (97).jpg,Genus Criconemoides,1280x1024,JPEG,414.21
Criconemoides (98).jpg,Genus Criconemoides,1280x1024,JPEG,404.94
Criconemoides (99).jpg,Genus Criconemoides,1280x1024,JPEG,369.49
Criconemoides (100).jpg,Genus Criconemoides,1280x1024,JPEG,402.52
Criconemoides (101).jpg,Genus Criconemoides,1280x1024,JPEG,386.41
Criconemoides (102).jpg,Genus Criconemoides,1280x1024,JPEG,394.52
Criconemoides (103).jpg,Genus Criconemoides,1280x1024,JPEG,423.45
Helicotylenchus (1).jpg,Genus Helicotylenchus,1280x1024,JPEG,407.7
Helicotylenchus (2).jpg,Genus Helicotylenchus,1280x1024,JPEG,411.93
Helicotylenchus (3).jpg,Genus Helicotylenchus,1280x1024,JPEG,355.15
Helicotylenchus (4).jpg,Genus Helicotylenchus,1280x1024,JPEG,687.02
Helicotylenchus (5).jpg,Genus Helicotylenchus,1280x1024,JPEG,494.79
Helicotylenchus (6).jpg,Genus Helicotylenchus,1280x1024,JPEG,405.22
Helicotylenchus (7).jpg,Genus Helicotylenchus,1280x1024,JPEG,408.44
Helicotylenchus (8).jpg,Genus Helicotylenchus,1280x1024,JPEG,464.44
Helicotylenchus (9).jpg,Genus Helicotylenchus,1280x1024,JPEG,407.5
Helicotylenchus (10).jpg,Genus Helicotylenchus,1280x1024,JPEG,423.72
Helicotylenchus (11).jpg,Genus Helicotylenchus,1280x1024,JPEG,398.6
Helicotylenchus (12).jpg,Genus Helicotylenchus,1280x1024,JPEG,371.6
Helicotylenchus (13).jpg,Genus Helicotylenchus,1280x1024,JPEG,554.46
Helicotylenchus (14).jpg,Genus Helicotylenchus,1280x1024,JPEG,386.04
Helicotylenchus (15).jpg,Genus Helicotylenchus,1280x1024,JPEG,393.29
Helicotylenchus (16).jpg,Genus Helicotylenchus,1280x1024,JPEG,445.42
Helicotylenchus (17).jpg,Genus Helicotylenchus,1280x1024,JPEG,436.36
Helicotylenchus (18).jpg,Genus Helicotylenchus,1280x1024,JPEG,403.43
Helicotylenchus (19).jpg,Genus Helicotylenchus,1280x1024,JPEG,377.31
Helicotylenchus (20).jpg,Genus Helicotylenchus,1280x1024,JPEG,370.53
Helicotylenchus (21).jpg,Genus Helicotylenchus,1280x1024,JPEG,437.82
Helicotylenchus (22).jpg,Genus Helicotylenchus,1280x1024,JPEG,436.65
Helicotylenchus (23).jpg,Genus Helicotylenchus,1280x1024,JPEG,423.59
Helicotylenchus (24).jpg,Genus Helicotylenchus,1280x1024,JPEG,389.73
Helicotylenchus (25).jpg,Genus Helicotylenchus,1280x1024,JPEG,392.42
Helicotylenchus (26).jpg,Genus Helicotylenchus,1280x1024,JPEG,409.91
Helicotylenchus (27).jpg,Genus Helicotylenchus,1280x1024,JPEG,444.63
Helicotylenchus (28).jpg,Genus Helicotylenchus,1280x1024,JPEG,419.21
Helicotylenchus (29).jpg,Genus Helicotylenchus,1280x1024,JPEG,376.16
Helicotylenchus (30).jpg,Genus Helicotylenchus,1280x1024,JPEG,394.45
Helicotylenchus (31).jpg,Genus Helicotylenchus,1280x1024,JPEG,473.12
Helicotylenchus (32).jpg,Genus Helicotylenchus,1280x1024,JPEG,417.95
Helicotylenchus (33).jpg,Genus Helicotylenchus,1280x1024,JPEG,431.12
Helicotylenchus (34).jpg,Genus Helicotylenchus,1280x1024,JPEG,402.61
Helicotylenchus (35).jpg,Genus Helicotylenchus,1280x1024,JPEG,464.07
Helicotylenchus (36).jpg,Genus Helicotylenchus,1280x1024,JPEG,511.12
Helicotylenchus (37).jpg,Genus Helicotylenchus,1280x1024,JPEG,376.08
Helicotylenchus (38).jpg,Genus Helicotylenchus,1280x1024,JPEG,474.14
Helicotylenchus (39).jpg,Genus Helicotylenchus,1280x1024,JPEG,449.45
Helicotylenchus (40).jpg,Genus Helicotylenchus,1280x1024,JPEG,383.23
Helicotylenchus (41).jpg,Genus Helicotylenchus,1280x1024,JPEG,495.4
Helicotylenchus (42).jpg,Genus Helicotylenchus,1280x1024,JPEG,377.42
Helicotylenchus (43).jpg,Genus Helicotylenchus,1280x1024,JPEG,434.73
Helicotylenchus (44).jpg,Genus Helicotylenchus,1280x1024,JPEG,430.72
Helicotylenchus (45).jpg,Genus Helicotylenchus,1280x1024,JPEG,400.17
Helicotylenchus (46).jpg,Genus Helicotylenchus,1280x1024,JPEG,374.57
Helicotylenchus (47).jpg,Genus Helicotylenchus,1280x1024,JPEG,399.1
Helicotylenchus (48).jpg,Genus Helicotylenchus,1280x1024,JPEG,458.84
Helicotylenchus (49).jpg,Genus Helicotylenchus,1280x1024,JPEG,411.57
Helicotylenchus (50).jpg,Genus Helicotylenchus,1280x1024,JPEG,392.71
Helicotylenchus (51).jpg,Genus Helicotylenchus,1280x1024,JPEG,372.25
Helicotylenchus (52).jpg,Genus Helicotylenchus,1280x1024,JPEG,443.33
Helicotylenchus (53).jpg,Genus Helicotylenchus,1280x1024,JPEG,382.38
Helicotylenchus (54).jpg,Genus Helicotylenchus,1280x1024,JPEG,424.3
Helicotylenchus (55).jpg,Genus Helicotylenchus,1280x1024,JPEG,388.68
Helicotylenchus (56).jpg,Genus Helicotylenchus,1280x1024,JPEG,427.36
Helicotylenchus (57).jpg,Genus Helicotylenchus,1280x1024,JPEG,375.25
Helicotylenchus (58).jpg,Genus Helicotylenchus,1280x1024,JPEG,438.0
Helicotylenchus (59).jpg,Genus Helicotylenchus,1280x1024,JPEG,430.56
Helicotylenchus (60).jpg,Genus Helicotylenchus,1280x1024,JPEG,386.01
Helicotylenchus (61).jpg,Genus Helicotylenchus,1280x1024,JPEG,469.5
Helicotylenchus (62).jpg,Genus Helicotylenchus,1280x1024,JPEG,409.01
Helicotylenchus (63).jpg,Genus Helicotylenchus,1280x1024,JPEG,370.82
Helicotylenchus (64).jpg,Genus Helicotylenchus,1280x1024,JPEG,505.87
Helicotylenchus (65).jpg,Genus Helicotylenchus,1280x1024,JPEG,517.75
Helicotylenchus (66).jpg,Genus Helicotylenchus,1280x1024,JPEG,402.27
Helicotylenchus (67).jpg,Genus Helicotylenchus,1280x1024,JPEG,516.65
Helicotylenchus (68).jpg,Genus Helicotylenchus,1280x1024,JPEG,453.16
Helicotylenchus (69).jpg,Genus Helicotylenchus,1280x1024,JPEG,417.63
Helicotylenchus (70).jpg,Genus Helicotylenchus,1280x1024,JPEG,374.96
Helicotylenchus (71).jpg,Genus Helicotylenchus,1280x1024,JPEG,424.91
Helicotylenchus (72).jpg,Genus Helicotylenchus,1280x1024,JPEG,428.3
Helicotylenchus (73).jpg,Genus Helicotylenchus,1280x1024,JPEG,420.02
Helicotylenchus (74).jpg,Genus Helicotylenchus,1280x1024,JPEG,426.44
Helicotylenchus (75).jpg,Genus Helicotylenchus,1280x1024,JPEG,506.1
Helicotylenchus (76).jpg,Genus Helicotylenchus,1280x1024,JPEG,368.9
Helicotylenchus (77).jpg,Genus Helicotylenchus,1280x1024,JPEG,363.2
Helicotylenchus (78).jpg,Genus Helicotylenchus,1280x1024,JPEG,389.43
Helicotylenchus (79).jpg,Genus Helicotylenchus,1280x1024,JPEG,409.62
Helicotylenchus (80).jpg,Genus Helicotylenchus,1280x1024,JPEG,396.71
Helicotylenchus (81).jpg,Genus Helicotylenchus,1280x1024,JPEG,435.06
Helicotylenchus (82).jpg,Genus Helicotylenchus,1280x1024,JPEG,436.63
Helicotylenchus (83).jpg,Genus Helicotylenchus,1280x1024,JPEG,596.4
Helicotylenchus (84).jpg,Genus Helicotylenchus,1280x1024,JPEG,435.41
Helicotylenchus (85).jpg,Genus Helicotylenchus,1280x1024,JPEG,378.46
Helicotylenchus (86).jpg,Genus Helicotylenchus,1280x1024,JPEG,369.77
Helicotylenchus (87).jpg,Genus Helicotylenchus,1280x1024,JPEG,394.81
Helicotylenchus (88).jpg,Genus Helicotylenchus,1280x1024,JPEG,386.08
Helicotylenchus (89).jpg,Genus Helicotylenchus,1280x1024,JPEG,391.85
Helicotylenchus (90).jpg,Genus Helicotylenchus,1280x1024,JPEG,381.81
Helicotylenchus (91).jpg,Genus Helicotylenchus,1280x1024,JPEG,426.05
Helicotylenchus (92).jpg,Genus Helicotylenchus,1280x1024,JPEG,391.95
Helicotylenchus (93).jpg,Genus Helicotylenchus,1280x1024,JPEG,402.89
Helicotylenchus (94).jpg,Genus Helicotylenchus,1280x1024,JPEG,469.58
Helicotylenchus (95).jpg,Genus Helicotylenchus,1280x1024,JPEG,411.93
Helicotylenchus (96).jpg,Genus Helicotylenchus,1280x1024,JPEG,387.03
Helicotylenchus (97).jpg,Genus Helicotylenchus,1280x1024,JPEG,430.25
Helicotylenchus (98).jpg,Genus Helicotylenchus,1280x1024,JPEG,398.71
Helicotylenchus (99).jpg,Genus Helicotylenchus,1280x1024,JPEG,382.24
Helicotylenchus (100).jpg,Genus Helicotylenchus,1280x1024,JPEG,372.39
Helicotylenchus (101).jpg,Genus Helicotylenchus,1280x1024,JPEG,453.81
Helicotylenchus (102).jpg,Genus Helicotylenchus,1280x1024,JPEG,429.34
Helicotylenchus (103).jpg,Genus Helicotylenchus,1280x1024,JPEG,445.28
Helicotylenchus (104).jpg,Genus Helicotylenchus,1280x1024,JPEG,449.47
Helicotylenchus (105).jpg,Genus Helicotylenchus,1280x1024,JPEG,422.99
Helicotylenchus (106).jpg,Genus Helicotylenchus,1280x1024,JPEG,413.71
Helicotylenchus (107).jpg,Genus Helicotylenchus,1280x1024,JPEG,413.33
Helicotylenchus (108).jpg,Genus Helicotylenchus,1280x1024,JPEG,407.35
Helicotylenchus (109).jpg,Genus Helicotylenchus,1280x1024,JPEG,388.03
Helicotylenchus (110).jpg,Genus Helicotylenchus,1280x1024,JPEG,402.54
Helicotylenchus (111).jpg,Genus Helicotylenchus,1280x1024,JPEG,440.88
Helicotylenchus (112).jpg,Genus Helicotylenchus,1280x1024,JPEG,372.88
Helicotylenchus (113).jpg,Genus Helicotylenchus,1280x1024,JPEG,373.64
Helicotylenchus (114).jpg,Genus Helicotylenchus,1280x1024,JPEG,429.73
Helicotylenchus (115).jpg,Genus Helicotylenchus,1280x1024,JPEG,376.81
Helicotylenchus (116).jpg,Genus Helicotylenchus,1280x1024,JPEG,407.82
Helicotylenchus (117).jpg,Genus Helicotylenchus,1280x1024,JPEG,426.48
Helicotylenchus (118).jpg,Genus Helicotylenchus,1280x1024,JPEG,449.88
Helicotylenchus (119).jpg,Genus Helicotylenchus,1280x1024,JPEG,392.49
Helicotylenchus (120).jpg,Genus Helicotylenchus,1280x1024,JPEG,405.81
Helicotylenchus (121).jpg,Genus Helicotylenchus,1280x1024,JPEG,437.18
Helicotylenchus (122).jpg,Genus Helicotylenchus,1280x1024,JPEG,526.34
Helicotylenchus (123).jpg,Genus Helicotylenchus,1280x1024,JPEG,454.63
Helicotylenchus (124).jpg,Genus Helicotylenchus,1280x1024,JPEG,563.76
Helicotylenchus (125).jpg,Genus Helicotylenchus,1280x1024,JPEG,438.79
Helicotylenchus (126).jpg,Genus Helicotylenchus,1280x1024,JPEG,432.66
Helicotylenchus (127).jpg,Genus Helicotylenchus,1280x1024,JPEG,472.05
Helicotylenchus (128).jpg,Genus Helicotylenchus,1280x1024,JPEG,401.19
Helicotylenchus (129).jpg,Genus Helicotylenchus,1280x1024,JPEG,334.19
Helicotylenchus (130).jpg,Genus Helicotylenchus,1280x1024,JPEG,428.95
Helicotylenchus (131).jpg,Genus Helicotylenchus,1280x1024,JPEG,424.95
Helicotylenchus (132).jpg,Genus Helicotylenchus,1280x1024,JPEG,351.52
Helicotylenchus (133).jpg,Genus Helicotylenchus,1280x1024,JPEG,358.98
Helicotylenchus (134).jpg,Genus Helicotylenchus,1280x1024,JPEG,419.61
Helicotylenchus (135).jpg,Genus Helicotylenchus,1280x1024,JPEG,258.29
Hemicycliophora (1).jpg,Genus Hemicycliophora,1280x1024,JPEG,450.05
Hemicycliophora (2).jpg,Genus Hemicycliophora,1280x1024,JPEG,472.84
Hemicycliophora (3).jpg,Genus Hemicycliophora,1280x1024,JPEG,440.11
Hemicycliophora (4).jpg,Genus Hemicycliophora,1280x1024,JPEG,394.05
Hemicycliophora (5).jpg,Genus Hemicycliophora,1280x1024,JPEG,378.76
Hemicycliophora (6).jpg,Genus Hemicycliophora,1280x1024,JPEG,367.74
Hirschmaniella (1).jpg,Genus Hirschmaniella,1280x1024,JPEG,457.38
Hirschmaniella (2).jpg,Genus Hirschmaniella,1280x1024,JPEG,256.32
Hirschmaniella (3).jpg,Genus Hirschmaniella,1280x1024,JPEG,442.54
Hirschmaniella (4).jpg,Genus Hirschmaniella,1280x1024,JPEG,259.86
Hirschmaniella (5).jpg,Genus Hirschmaniella,1280x1024,JPEG,321.74
Hirschmaniella (6).jpg,Genus Hirschmaniella,1280x1024,JPEG,459.59
Hirschmaniella (7).jpg,Genus Hirschmaniella,1280x1024,JPEG,367.28
Hirschmaniella (8).jpg,Genus Hirschmaniella,1280x1024,JPEG,444.86
Hirschmaniella (9).jpg,Genus Hirschmaniella,1280x1024,JPEG,376.08
Hirschmaniella (10).jpg,Genus Hirschmaniella,1280x1024,JPEG,373.68
Hirschmaniella (11).jpg,Genus Hirschmaniella,1280x1024,JPEG,437.12
Hirschmaniella (12).jpg,Genus Hirschmaniella,1280x1024,JPEG,374.62
Hirschmaniella (13).jpg,Genus Hirschmaniella,1280x1024,JPEG,364.88
Hirschmaniella (14).jpg,Genus Hirschmaniella,1280x1024,JPEG,414.33
Hirschmaniella (15).jpg,Genus Hirschmaniella,1280x1024,JPEG,411.49
Hirschmaniella (16).jpg,Genus Hirschmaniella,1280x1024,JPEG,390.21
Hirschmaniella (17).jpg,Genus Hirschmaniella,1280x1024,JPEG,375.97
Hirschmaniella (18).jpg,Genus Hirschmaniella,1280x1024,JPEG,367.93
Hirschmaniella (19).jpg,Genus Hirschmaniella,1280x1024,JPEG,380.81
Hirschmaniella (20).jpg,Genus Hirschmaniella,1280x1024,JPEG,392.88
Hirschmaniella (21).jpg,Genus Hirschmaniella,1280x1024,JPEG,384.14
Hirschmaniella (22).jpg,Genus Hirschmaniella,1280x1024,JPEG,418.64
Hirschmaniella (23).jpg,Genus Hirschmaniella,1280x1024,JPEG,424.94
Hirschmaniella (24).jpg,Genus Hirschmaniella,1280x1024,JPEG,372.78
Hirschmaniella (25).jpg,Genus Hirschmaniella,1280x1024,JPEG,597.32
Hirschmaniella (26).jpg,Genus Hirschmaniella,1280x1024,JPEG,422.6
Hirschmaniella (27).jpg,Genus Hirschmaniella,1280x1024,JPEG,537.34
Hirschmaniella (28).jpg,Genus Hirschmaniella,1280x1024,JPEG,562.65
Hirschmaniella (29).jpg,Genus Hirschmaniella,1280x1024,JPEG,409.75
Hirschmaniella (30).jpg,Genus Hirschmaniella,1280x1024,JPEG,531.08
Hirschmaniella (31).jpg,Genus Hirschmaniella,1280x1024,JPEG,415.34
Hirschmaniella (32).jpg,Genus Hirschmaniella,1280x1024,JPEG,565.54
Hirschmaniella (33).jpg,Genus Hirschmaniella,1280x1024,JPEG,517.52
Hirschmaniella (34).jpg,Genus Hirschmaniella,1280x1024,JPEG,526.92
Hirschmaniella (35).jpg,Genus Hirschmaniella,1280x1024,JPEG,519.09
Hirschmaniella (36).jpg,Genus Hirschmaniella,1280x1024,JPEG,426.74
Hirschmaniella (37).jpg,Genus Hirschmaniella,1280x1024,JPEG,405.86
Hirschmaniella (38).jpg,Genus Hirschmaniella,1280x1024,JPEG,408.32
Hirschmaniella (39).jpg,Genus Hirschmaniella,1280x1024,JPEG,551.6
Hirschmaniella (40).jpg,Genus Hirschmaniella,1280x1024,JPEG,425.61
Hirschmaniella (41).jpg,Genus Hirschmaniella,1280x1024,JPEG,466.34
Hirschmaniella (42).jpg,Genus Hirschmaniella,1280x1024,JPEG,452.02
Hirschmaniella (43).jpg,Genus Hirschmaniella,1280x1024,JPEG,491.38
Hirschmaniella (44).jpg,Genus Hirschmaniella,1280x1024,JPEG,393.58
Hirschmaniella (45).jpg,Genus Hirschmaniella,1280x1024,JPEG,406.13
Hirschmaniella (46).jpg,Genus Hirschmaniella,1280x1024,JPEG,497.32
Hirschmaniella (47).jpg,Genus Hirschmaniella,1280x1024,JPEG,428.03
Hirschmaniella (48).jpg,Genus Hirschmaniella,1280x1024,JPEG,481.57
Hirschmaniella (49).jpg,Genus Hirschmaniella,1280x1024,JPEG,398.79
Hirschmaniella (50).jpg,Genus Hirschmaniella,1280x1024,JPEG,454.85
Hirschmaniella (51).jpg,Genus Hirschmaniella,1280x1024,JPEG,517.89
Hirschmaniella (52).jpg,Genus Hirschmaniella,1280x1024,JPEG,430.92
Hirschmaniella (53).jpg,Genus Hirschmaniella,1280x1024,JPEG,428.05
Hirschmaniella (54).jpg,Genus Hirschmaniella,1280x1024,JPEG,386.46
Hirschmaniella (55).jpg,Genus Hirschmaniella,1280x1024,JPEG,411.62
Hirschmaniella (56).jpg,Genus Hirschmaniella,1280x1024,JPEG,424.45
Hirschmaniella (57).jpg,Genus Hirschmaniella,1280x1024,JPEG,423.77
Hirschmaniella (58).jpg,Genus Hirschmaniella,1280x1024,JPEG,433.78
Hirschmaniella (59).jpg,Genus Hirschmaniella,1280x1024,JPEG,380.07
Hirschmaniella (60).jpg,Genus Hirschmaniella,1280x1024,JPEG,388.57
Hirschmaniella (61).jpg,Genus Hirschmaniella,1280x1024,JPEG,396.16
Hirschmaniella (62).jpg,Genus Hirschmaniella,1280x1024,JPEG,421.87
Hirschmaniella (63).jpg,Genus Hirschmaniella,1280x1024,JPEG,422.03
Hirschmaniella (64).jpg,Genus Hirschmaniella,1280x1024,JPEG,374.54
Hirschmaniella (65).jpg,Genus Hirschmaniella,1280x1024,JPEG,400.61
Hirschmaniella (66).jpg,Genus Hirschmaniella,1280x1024,JPEG,415.08
Hirschmaniella (67).jpg,Genus Hirschmaniella,1280x1024,JPEG,432.65
Hirschmaniella (68).jpg,Genus Hirschmaniella,1280x1024,JPEG,448.05
Hirschmaniella (69).jpg,Genus Hirschmaniella,1280x1024,JPEG,420.39
Hirschmaniella (70).jpg,Genus Hirschmaniella,1280x1024,JPEG,401.88
Hirschmaniella (71).jpg,Genus Hirschmaniella,1280x1024,JPEG,394.47
Hirschmaniella (72).jpg,Genus Hirschmaniella,1280x1024,JPEG,390.48
Hirschmaniella (73).jpg,Genus Hirschmaniella,1280x1024,JPEG,512.26
Hirschmaniella (74).jpg,Genus Hirschmaniella,1280x1024,JPEG,446.15
Hirschmaniella (75).jpg,Genus Hirschmaniella,1280x1024,JPEG,433.19
Hirschmaniella (76).jpg,Genus Hirschmaniella,1280x1024,JPEG,496.86
Hirschmaniella (77).jpg,Genus Hirschmaniella,1280x1024,JPEG,439.47
Hirschmaniella (78).jpg,Genus Hirschmaniella,1280x1024,JPEG,510.54
Hirschmaniella (79).jpg,Genus Hirschmaniella,1280x1024,JPEG,378.09
Hirschmaniella (80).jpg,Genus Hirschmaniella,1280x1024,JPEG,454.25
Hirschmaniella (81).jpg,Genus Hirschmaniella,1280x1024,JPEG,434.28
Hirschmaniella (82).jpg,Genus Hirschmaniella,1280x1024,JPEG,479.15
Hirschmaniella (83).jpg,Genus Hirschmaniella,1280x1024,JPEG,467.63
Hirschmaniella (84).jpg,Genus Hirschmaniella,1280x1024,JPEG,480.16
Hirschmaniella (85).jpg,Genus Hirschmaniella,1280x1024,JPEG,412.32
Hirschmaniella (86).jpg,Genus Hirschmaniella,1280x1024,JPEG,556.08
Hirschmaniella (87).jpg,Genus Hirschmaniella,1280x1024,JPEG,404.19
Hirschmaniella (88).jpg,Genus Hirschmaniella,1280x1024,JPEG,492.51
Hirschmaniella (89).jpg,Genus Hirschmaniella,1280x1024,JPEG,517.36
Hirschmaniella (90).jpg,Genus Hirschmaniella,1280x1024,JPEG,441.3
Hirschmaniella (91).jpg,Genus Hirschmaniella,1280x1024,JPEG,413.95
Hirschmaniella (92).jpg,Genus Hirschmaniella,1280x1024,JPEG,388.38
Hirschmaniella (93).jpg,Genus Hirschmaniella,1280x1024,JPEG,428.34
Hirschmaniella (94).jpg,Genus Hirschmaniella,1280x1024,JPEG,409.87
Hirschmaniella (95).jpg,Genus Hirschmaniella,1280x1024,JPEG,427.47
Hirschmaniella (96).jpg,Genus Hirschmaniella,1280x1024,JPEG,431.36
Hirschmaniella (97).jpg,Genus Hirschmaniella,1280x1024,JPEG,390.12
Hirschmaniella (98).jpg,Genus Hirschmaniella,1280x1024,JPEG,367.01
Hirschmaniella (99).jpg,Genus Hirschmaniella,1280x1024,JPEG,436.47
Hirschmaniella (100).jpg,Genus Hirschmaniella,1280x1024,JPEG,413.6
Hirschmaniella (101).jpg,Genus Hirschmaniella,1280x1024,JPEG,489.37
Hirschmaniella (102).jpg,Genus Hirschmaniella,1280x1024,JPEG,403.97
Hirschmaniella (103).jpg,Genus Hirschmaniella,1280x1024,JPEG,444.14
Hirschmaniella (104).jpg,Genus Hirschmaniella,1280x1024,JPEG,371.23
Hirschmaniella (105).jpg,Genus Hirschmaniella,1280x1024,JPEG,424.99
Hirschmaniella (106).jpg,Genus Hirschmaniella,1280x1024,JPEG,402.43
Hirschmaniella (107).jpg,Genus Hirschmaniella,1280x1024,JPEG,406.9
Hirschmaniella (108).jpg,Genus Hirschmaniella,1280x1024,JPEG,425.7
Hirschmaniella (109).jpg,Genus Hirschmaniella,1280x1024,JPEG,397.73
Hirschmaniella (110).jpg,Genus Hirschmaniella,1280x1024,JPEG,365.16
Hirschmaniella (111).jpg,Genus Hirschmaniella,1280x1024,JPEG,538.69
Hirschmaniella (112).jpg,Genus Hirschmaniella,1280x1024,JPEG,423.57
Hirschmaniella (113).jpg,Genus Hirschmaniella,1280x1024,JPEG,421.94
Hirschmaniella (114).jpg,Genus Hirschmaniella,1280x1024,JPEG,410.37
Hirschmaniella (115).jpg,Genus Hirschmaniella,1280x1024,JPEG,436.46
Hirschmaniella (116).jpg,Genus Hirschmaniella,1280x1024,JPEG,392.61
Hirschmaniella (117).jpg,Genus Hirschmaniella,1280x1024,JPEG,487.96
Hirschmaniella (118).jpg,Genus Hirschmaniella,1280x1024,JPEG,441.52
Hirschmaniella (119).jpg,Genus Hirschmaniella,1280x1024,JPEG,530.24
Hirschmaniella (120).jpg,Genus Hirschmaniella,1280x1024,JPEG,439.38
Hirschmaniella (121).jpg,Genus Hirschmaniella,1280x1024,JPEG,401.95
Hirschmaniella (122).jpg,Genus Hirschmaniella,1280x1024,JPEG,456.49
Hirschmaniella (123).jpg,Genus Hirschmaniella,1280x1024,JPEG,407.52
Hirschmaniella (124).jpg,Genus Hirschmaniella,1280x1024,JPEG,451.7
Hirschmaniella (125).jpg,Genus Hirschmaniella,1280x1024,JPEG,443.54
Hirschmaniella (126).jpg,Genus Hirschmaniella,1280x1024,JPEG,381.25
Hirschmaniella (127).jpg,Genus Hirschmaniella,1280x1024,JPEG,373.69
Hirschmaniella (128).jpg,Genus Hirschmaniella,1280x1024,JPEG,413.82
Hirschmaniella (129).jpg,Genus Hirschmaniella,1280x1024,JPEG,337.52
Hirschmaniella (130).jpg,Genus Hirschmaniella,1280x1024,JPEG,256.22
Hoplolaimus (1).jpg,Genus Hoplolaimus,1280x1024,JPEG,557.18
Hoplolaimus (2).jpg,Genus Hoplolaimus,1280x1024,JPEG,517.7
Hoplolaimus (3).jpg,Genus Hoplolaimus,1280x1024,JPEG,599.65
Hoplolaimus (4).jpg,Genus Hoplolaimus,1280x1024,JPEG,560.46
Hoplolaimus (5).jpg,Genus Hoplolaimus,1280x1024,JPEG,526.4
Hoplolaimus (6).jpg,Genus Hoplolaimus,1280x1024,JPEG,435.4
Hoplolaimus (7).jpg,Genus Hoplolaimus,1280x1024,JPEG,436.17
Hoplolaimus (8).jpg,Genus Hoplolaimus,1280x1024,JPEG,559.25
Hoplolaimus (9).jpg,Genus Hoplolaimus,1280x1024,JPEG,388.23
Hoplolaimus (10).jpg,Genus Hoplolaimus,1280x1024,JPEG,491.71
Hoplolaimus (11).jpg,Genus Hoplolaimus,1280x1024,JPEG,422.68
Hoplolaimus (12).jpg,Genus Hoplolaimus,1280x1024,JPEG,384.6
Hoplolaimus (13).jpg,Genus Hoplolaimus,1280x1024,JPEG,442.3
Hoplolaimus (14).jpg,Genus Hoplolaimus,1280x1024,JPEG,438.51
Hoplolaimus (15).jpg,Genus Hoplolaimus,1280x1024,JPEG,491.61
Hoplolaimus (16).jpg,Genus Hoplolaimus,1280x1024,JPEG,370.2
Hoplolaimus (17).jpg,Genus Hoplolaimus,1280x1024,JPEG,501.24
Hoplolaimus (18).jpg,Genus Hoplolaimus,1280x1024,JPEG,381.99
Hoplolaimus (19).jpg,Genus Hoplolaimus,1280x1024,JPEG,416.16
Hoplolaimus (20).jpg,Genus Hoplolaimus,1280x1024,JPEG,451.78
Hoplolaimus (21).jpg,Genus Hoplolaimus,1280x1024,JPEG,374.68
Hoplolaimus (22).jpg,Genus Hoplolaimus,1280x1024,JPEG,453.02
Hoplolaimus (23).jpg,Genus Hoplolaimus,1280x1024,JPEG,380.51
Hoplolaimus (24).jpg,Genus Hoplolaimus,1280x1024,JPEG,441.03
Hoplolaimus (25).jpg,Genus Hoplolaimus,1280x1024,JPEG,372.85
Hoplolaimus (26).jpg,Genus Hoplolaimus,1280x1024,JPEG,546.6
Hoplolaimus (27).jpg,Genus Hoplolaimus,1280x1024,JPEG,396.15
Hoplolaimus (28).jpg,Genus Hoplolaimus,1280x1024,JPEG,459.97
Hoplolaimus (29).jpg,Genus Hoplolaimus,1280x1024,JPEG,564.93
Hoplolaimus (30).jpg,Genus Hoplolaimus,1280x1024,JPEG,431.65
Hoplolaimus (31).jpg,Genus Hoplolaimus,1280x1024,JPEG,492.91
Hoplolaimus (32).jpg,Genus Hoplolaimus,1280x1024,JPEG,476.93
Hoplolaimus (33).jpg,Genus Hoplolaimus,1280x1024,JPEG,378.01
Hoplolaimus (34).jpg,Genus Hoplolaimus,1280x1024,JPEG,537.57
Hoplolaimus (35).jpg,Genus Hoplolaimus,1280x1024,JPEG,406.95
Hoplolaimus (36).jpg,Genus Hoplolaimus,1280x1024,JPEG,499.14
Hoplolaimus (37).jpg,Genus Hoplolaimus,1280x1024,JPEG,547.02
Hoplolaimus (38).jpg,Genus Hoplolaimus,1280x1024,JPEG,433.4
Hoplolaimus (39).jpg,Genus Hoplolaimus,1280x1024,JPEG,574.47
Hoplolaimus (40).jpg,Genus Hoplolaimus,1280x1024,JPEG,548.21
Hoplolaimus (41).jpg,Genus Hoplolaimus,1280x1024,JPEG,406.64
Hoplolaimus (42).jpg,Genus Hoplolaimus,1280x1024,JPEG,609.71
Hoplolaimus (43).jpg,Genus Hoplolaimus,1280x1024,JPEG,499.62
Hoplolaimus (44).jpg,Genus Hoplolaimus,1280x1024,JPEG,541.07
Hoplolaimus (45).jpg,Genus Hoplolaimus,1280x1024,JPEG,517.75
Hoplolaimus (46).jpg,Genus Hoplolaimus,1280x1024,JPEG,545.21
Hoplolaimus (47).jpg,Genus Hoplolaimus,1280x1024,JPEG,444.24
Hoplolaimus (48).jpg,Genus Hoplolaimus,1280x1024,JPEG,394.2
Hoplolaimus (49).jpg,Genus Hoplolaimus,1280x1024,JPEG,566.42
Hoplolaimus (50).jpg,Genus Hoplolaimus,1280x1024,JPEG,569.31
Hoplolaimus (51).jpg,Genus Hoplolaimus,1280x1024,JPEG,551.06
Hoplolaimus (52).jpg,Genus Hoplolaimus,1280x1024,JPEG,519.3
Hoplolaimus (53).jpg,Genus Hoplolaimus,1280x1024,JPEG,398.0
Hoplolaimus (54).jpg,Genus Hoplolaimus,1280x1024,JPEG,410.38
Hoplolaimus (55).jpg,Genus Hoplolaimus,1280x1024,JPEG,596.44
Hoplolaimus (56).jpg,Genus Hoplolaimus,1280x1024,JPEG,414.23
Hoplolaimus (57).jpg,Genus Hoplolaimus,1280x1024,JPEG,547.94
Hoplolaimus (58).jpg,Genus Hoplolaimus,1280x1024,JPEG,578.78
Hoplolaimus (59).jpg,Genus Hoplolaimus,1280x1024,JPEG,405.32
Hoplolaimus (60).jpg,Genus Hoplolaimus,1280x1024,JPEG,539.02
Hoplolaimus (61).jpg,Genus Hoplolaimus,1280x1024,JPEG,533.54
Hoplolaimus (62).jpg,Genus Hoplolaimus,1280x1024,JPEG,392.69
Hoplolaimus (63).jpg,Genus Hoplolaimus,1280x1024,JPEG,523.83
Hoplolaimus (64).jpg,Genus Hoplolaimus,1280x1024,JPEG,543.2
Hoplolaimus (65).jpg,Genus Hoplolaimus,1280x1024,JPEG,502.44
Hoplolaimus (66).jpg,Genus Hoplolaimus,1280x1024,JPEG,420.08
Hoplolaimus (67).jpg,Genus Hoplolaimus,1280x1024,JPEG,484.53
Hoplolaimus (68).jpg,Genus Hoplolaimus,1280x1024,JPEG,434.18
Hoplolaimus (69).jpg,Genus Hoplolaimus,1280x1024,JPEG,373.11
Hoplolaimus (70).jpg,Genus Hoplolaimus,1280x1024,JPEG,435.11
Hoplolaimus (71).jpg,Genus Hoplolaimus,1280x1024,JPEG,486.45
Hoplolaimus (72).jpg,Genus Hoplolaimus,1280x1024,JPEG,392.76
Hoplolaimus (73).jpg,Genus Hoplolaimus,1280x1024,JPEG,365.23
Hoplolaimus (74).jpg,Genus Hoplolaimus,1280x1024,JPEG,400.3
Hoplolaimus (75).jpg,Genus Hoplolaimus,1280x1024,JPEG,383.96
Hoplolaimus (76).jpg,Genus Hoplolaimus,1280x1024,JPEG,469.15
Hoplolaimus (77).jpg,Genus Hoplolaimus,1280x1024,JPEG,381.5
Hoplolaimus (78).jpg,Genus Hoplolaimus,1280x1024,JPEG,450.71
Hoplolaimus (79).jpg,Genus Hoplolaimus,1280x1024,JPEG,376.39
Hoplolaimus (80).jpg,Genus Hoplolaimus,1280x1024,JPEG,363.6
Hoplolaimus (81).jpg,Genus Hoplolaimus,1280x1024,JPEG,442.83
Hoplolaimus (82).jpg,Genus Hoplolaimus,1280x1024,JPEG,415.06
Hoplolaimus (83).jpg,Genus Hoplolaimus,1280x1024,JPEG,463.16
Hoplolaimus (84).jpg,Genus Hoplolaimus,1280x1024,JPEG,434.04
Hoplolaimus (85).jpg,Genus Hoplolaimus,1280x1024,JPEG,461.19
Hoplolaimus (86).jpg,Genus Hoplolaimus,1280x1024,JPEG,370.82
Hoplolaimus (87).jpg,Genus Hoplolaimus,1280x1024,JPEG,389.79
Hoplolaimus (88).jpg,Genus Hoplolaimus,1280x1024,JPEG,436.24
Hoplolaimus (89).jpg,Genus Hoplolaimus,1280x1024,JPEG,381.0
Hoplolaimus (90).jpg,Genus Hoplolaimus,1280x1024,JPEG,393.45
Hoplolaimus (91).jpg,Genus Hoplolaimus,1280x1024,JPEG,368.01
Hoplolaimus (92).jpg,Genus Hoplolaimus,1280x1024,JPEG,407.93
Hoplolaimus (93).jpg,Genus Hoplolaimus,1280x1024,JPEG,425.86
Hoplolaimus (94).jpg,Genus Hoplolaimus,1280x1024,JPEG,377.29
Hoplolaimus (95).jpg,Genus Hoplolaimus,1280x1024,JPEG,360.93
Hoplolaimus (96).jpg,Genus Hoplolaimus,1280x1024,JPEG,508.38
Hoplolaimus (97).jpg,Genus Hoplolaimus,1280x1024,JPEG,448.04
Hoplolaimus (98).jpg,Genus Hoplolaimus,1280x1024,JPEG,380.3
Hoplolaimus (99).jpg,Genus Hoplolaimus,1280x1024,JPEG,444.15
Hoplolaimus (100).jpg,Genus Hoplolaimus,1280x1024,JPEG,380.8
Hoplolaimus (101).jpg,Genus Hoplolaimus,1280x1024,JPEG,366.73
Hoplolaimus (102).jpg,Genus Hoplolaimus,1280x1024,JPEG,557.3
Hoplolaimus (103).jpg,Genus Hoplolaimus,1280x1024,JPEG,484.36
Hoplolaimus (104).jpg,Genus Hoplolaimus,1280x1024,JPEG,548.66
Hoplolaimus (105).jpg,Genus Hoplolaimus,1280x1024,JPEG,557.94
Hoplolaimus (106).jpg,Genus Hoplolaimus,1280x1024,JPEG,526.98
Hoplolaimus (107).jpg,Genus Hoplolaimus,1280x1024,JPEG,422.8
Hoplolaimus (108).jpg,Genus Hoplolaimus,1280x1024,JPEG,369.6
Hoplolaimus (109).jpg,Genus Hoplolaimus,1280x1024,JPEG,510.63
Hoplolaimus (110).jpg,Genus Hoplolaimus,1280x1024,JPEG,436.19
Hoplolaimus (111).jpg,Genus Hoplolaimus,1280x1024,JPEG,430.72
Hoplolaimus (112).jpg,Genus Hoplolaimus,1280x1024,JPEG,439.79
Hoplolaimus (113).jpg,Genus Hoplolaimus,1280x1024,JPEG,398.6
Hoplolaimus (114).jpg,Genus Hoplolaimus,1280x1024,JPEG,373.84
Hoplolaimus (115).jpg,Genus Hoplolaimus,1280x1024,JPEG,439.71
Hoplolaimus (116).jpg,Genus Hoplolaimus,1280x1024,JPEG,439.42
Hoplolaimus (117).jpg,Genus Hoplolaimus,1280x1024,JPEG,424.88
Hoplolaimus (118).jpg,Genus Hoplolaimus,1280x1024,JPEG,510.45
Hoplolaimus (119).jpg,Genus Hoplolaimus,1280x1024,JPEG,404.48
Hoplolaimus (120).jpg,Genus Hoplolaimus,1280x1024,JPEG,437.2
Hoplolaimus (121).jpg,Genus Hoplolaimus,1280x1024,JPEG,391.63
Hoplolaimus (122).jpg,Genus Hoplolaimus,1280x1024,JPEG,363.08
Hoplolaimus (123).jpg,Genus Hoplolaimus,1280x1024,JPEG,588.43
Hoplolaimus (124).jpg,Genus Hoplolaimus,1280x1024,JPEG,541.65
Hoplolaimus (125).jpg,Genus Hoplolaimus,1280x1024,JPEG,607.6
Hoplolaimus (126).jpg,Genus Hoplolaimus,1280x1024,JPEG,514.37
Hoplolaimus (127).jpg,Genus Hoplolaimus,1280x1024,JPEG,533.76
Hoplolaimus (128).jpg,Genus Hoplolaimus,1280x1024,JPEG,419.03
Hoplolaimus (129).jpg,Genus Hoplolaimus,1280x1024,JPEG,395.5
Hoplolaimus (130).jpg,Genus Hoplolaimus,1280x1024,JPEG,405.99
Hoplolaimus (131).jpg,Genus Hoplolaimus,1280x1024,JPEG,547.0
Hoplolaimus (132).jpg,Genus Hoplolaimus,1280x1024,JPEG,547.65
Hoplolaimus (133).jpg,Genus Hoplolaimus,1280x1024,JPEG,404.25
Hoplolaimus (134).jpg,Genus Hoplolaimus,1280x1024,JPEG,564.88
Hoplolaimus (135).jpg,Genus Hoplolaimus,1280x1024,JPEG,546.51
Hoplolaimus (136).jpg,Genus Hoplolaimus,1280x1024,JPEG,542.13
Hoplolaimus (137).jpg,Genus Hoplolaimus,1280x1024,JPEG,577.63
Hoplolaimus (138).jpg,Genus Hoplolaimus,1280x1024,JPEG,402.36
Hoplolaimus (139).jpg,Genus Hoplolaimus,1280x1024,JPEG,480.48
Hoplolaimus (140).jpg,Genus Hoplolaimus,1280x1024,JPEG,471.3
Hoplolaimus (141).jpg,Genus Hoplolaimus,1280x1024,JPEG,291.75
Hoplolaimus (142).jpg,Genus Hoplolaimus,1280x1024,JPEG,496.88
Hoplolaimus (143).jpg,Genus Hoplolaimus,1280x1024,JPEG,500.5
Hoplolaimus (144).jpg,Genus Hoplolaimus,1280x1024,JPEG,569.66
Hoplolaimus (145).jpg,Genus Hoplolaimus,1280x1024,JPEG,560.33
Hoplolaimus (146).jpg,Genus Hoplolaimus,1280x1024,JPEG,549.75
Hoplolaimus (147).jpg,Genus Hoplolaimus,1280x1024,JPEG,376.94
Hoplolaimus (148).jpg,Genus Hoplolaimus,1280x1024,JPEG,423.46
Hoplolaimus (149).jpg,Genus Hoplolaimus,1280x1024,JPEG,255.98
Hoplolaimus (150).jpg,Genus Hoplolaimus,1280x1024,JPEG,325.3
Hoplolaimus (151).jpg,Genus Hoplolaimus,1280x1024,JPEG,553.69
Meloidogyne (1).jpg,Genus Meloidogyne,1280x1024,JPEG,568.19
Meloidogyne (2).jpg,Genus Meloidogyne,1280x1024,JPEG,240.7
Meloidogyne (3).jpg,Genus Meloidogyne,1280x1024,JPEG,435.37
Meloidogyne (4).jpg,Genus Meloidogyne,1280x1024,JPEG,406.32
Meloidogyne (5).jpg,Genus Meloidogyne,1280x1024,JPEG,443.66
Meloidogyne (6).jpg,Genus Meloidogyne,1280x1024,JPEG,401.36
Meloidogyne (7).jpg,Genus Meloidogyne,1280x1024,JPEG,382.7
Meloidogyne (8).jpg,Genus Meloidogyne,1280x1024,JPEG,375.94
Meloidogyne (9).jpg,Genus Meloidogyne,1280x1024,JPEG,400.36
Meloidogyne (10).jpg,Genus Meloidogyne,1280x1024,JPEG,454.06
Meloidogyne (11).jpg,Genus Meloidogyne,1280x1024,JPEG,507.71
Meloidogyne (12).jpg,Genus Meloidogyne,1280x1024,JPEG,463.48
Meloidogyne (13).jpg,Genus Meloidogyne,1280x1024,JPEG,418.86
Meloidogyne (14).jpg,Genus Meloidogyne,1280x1024,JPEG,400.95
Meloidogyne (15).jpg,Genus Meloidogyne,1280x1024,JPEG,418.51
Meloidogyne (16).jpg,Genus Meloidogyne,1280x1024,JPEG,381.81
Meloidogyne (17).jpg,Genus Meloidogyne,1280x1024,JPEG,405.06
Meloidogyne (18).jpg,Genus Meloidogyne,1280x1024,JPEG,406.84
Meloidogyne (19).jpg,Genus Meloidogyne,1280x1024,JPEG,393.13
Meloidogyne (20).jpg,Genus Meloidogyne,1280x1024,JPEG,371.02
Meloidogyne (21).jpg,Genus Meloidogyne,1280x1024,JPEG,428.18
Meloidogyne (22).jpg,Genus Meloidogyne,1280x1024,JPEG,442.1
Meloidogyne (23).jpg,Genus Meloidogyne,1280x1024,JPEG,458.63
Meloidogyne (24).jpg,Genus Meloidogyne,1280x1024,JPEG,393.06
Meloidogyne (25).jpg,Genus Meloidogyne,1280x1024,JPEG,386.81
Meloidogyne (26).jpg,Genus Meloidogyne,1280x1024,JPEG,368.31
Meloidogyne (27).jpg,Genus Meloidogyne,1280x1024,JPEG,431.8
Meloidogyne (28).jpg,Genus Meloidogyne,1280x1024,JPEG,423.1
Meloidogyne (29).jpg,Genus Meloidogyne,1280x1024,JPEG,384.43
Meloidogyne (30).jpg,Genus Meloidogyne,1280x1024,JPEG,368.03
Meloidogyne (31).jpg,Genus Meloidogyne,1280x1024,JPEG,383.74
Meloidogyne (32).jpg,Genus Meloidogyne,1280x1024,JPEG,365.67
Meloidogyne (33).jpg,Genus Meloidogyne,1280x1024,JPEG,385.61
Meloidogyne (34).jpg,Genus Meloidogyne,1280x1024,JPEG,382.8
Meloidogyne (35).jpg,Genus Meloidogyne,1280x1024,JPEG,391.19
Meloidogyne (36).jpg,Genus Meloidogyne,1280x1024,JPEG,365.14
Meloidogyne (37).jpg,Genus Meloidogyne,1280x1024,JPEG,389.91
Meloidogyne (38).jpg,Genus Meloidogyne,1280x1024,JPEG,415.55
Meloidogyne (39).jpg,Genus Meloidogyne,1280x1024,JPEG,407.67
Meloidogyne (40).jpg,Genus Meloidogyne,1280x1024,JPEG,366.74
Meloidogyne (41).jpg,Genus Meloidogyne,1280x1024,JPEG,387.36
Meloidogyne (42).jpg,Genus Meloidogyne,1280x1024,JPEG,381.91
Meloidogyne (43).jpg,Genus Meloidogyne,1280x1024,JPEG,367.55
Meloidogyne (44).jpg,Genus Meloidogyne,1280x1024,JPEG,361.56
Meloidogyne (45).jpg,Genus Meloidogyne,1280x1024,JPEG,379.82
Meloidogyne (46).jpg,Genus Meloidogyne,1280x1024,JPEG,415.4
Meloidogyne (47).jpg,Genus Meloidogyne,1280x1024,JPEG,372.97
Meloidogyne (48).jpg,Genus Meloidogyne,1280x1024,JPEG,364.16
Meloidogyne (49).jpg,Genus Meloidogyne,1280x1024,JPEG,364.5
Meloidogyne (50).jpg,Genus Meloidogyne,1280x1024,JPEG,361.44
Meloidogyne (51).jpg,Genus Meloidogyne,1280x1024,JPEG,364.37
Meloidogyne (52).jpg,Genus Meloidogyne,1280x1024,JPEG,362.41
Meloidogyne (53).jpg,Genus Meloidogyne,1280x1024,JPEG,380.96
Meloidogyne (54).jpg,Genus Meloidogyne,1280x1024,JPEG,433.59
Meloidogyne (55).jpg,Genus Meloidogyne,1280x1024,JPEG,364.81
Meloidogyne (56).jpg,Genus Meloidogyne,1280x1024,JPEG,364.01
Meloidogyne (57).jpg,Genus Meloidogyne,1280x1024,JPEG,416.79
Meloidogyne (58).jpg,Genus Meloidogyne,1280x1024,JPEG,378.89
Meloidogyne (59).jpg,Genus Meloidogyne,1280x1024,JPEG,576.19
Meloidogyne (60).jpg,Genus Meloidogyne,1280x1024,JPEG,459.56
Meloidogyne (61).jpg,Genus Meloidogyne,1280x1024,JPEG,234.82
Meloidogyne (62).jpg,Genus Meloidogyne,1280x1024,JPEG,362.62
Meloidogyne (63).jpg,Genus Meloidogyne,1280x1024,JPEG,242.85
Meloidogyne (64).jpg,Genus Meloidogyne,1280x1024,JPEG,400.73
Meloidogyne (65).jpg,Genus Meloidogyne,1280x1024,JPEG,349.64
Meloidogyne (66).jpg,Genus Meloidogyne,1280x1024,JPEG,326.65
Meloidogyne (67).jpg,Genus Meloidogyne,1280x1024,JPEG,308.17
Meloidogyne (68).jpg,Genus Meloidogyne,1280x1024,JPEG,259.21
Meloidogyne (69).jpg,Genus Meloidogyne,1280x1024,JPEG,336.16
Meloidogyne (70).jpg,Genus Meloidogyne,1280x1024,JPEG,317.94
Meloidogyne (71).jpg,Genus Meloidogyne,1280x1024,JPEG,282.75
Meloidogyne (72).jpg,Genus Meloidogyne,1280x1024,JPEG,372.66
Meloidogyne (73).jpg,Genus Meloidogyne,1280x1024,JPEG,450.74
Meloidogyne (74).jpg,Genus Meloidogyne,1280x1024,JPEG,279.92
Meloidogyne (75).jpg,Genus Meloidogyne,1280x1024,JPEG,468.51
Meloidogyne (76).jpg,Genus Meloidogyne,1280x1024,JPEG,393.23
Meloidogyne (77).jpg,Genus Meloidogyne,1280x1024,JPEG,392.16
Meloidogyne (78).jpg,Genus Meloidogyne,1280x1024,JPEG,372.25
Meloidogyne (79).jpg,Genus Meloidogyne,1280x1024,JPEG,418.14
Meloidogyne (80).jpg,Genus Meloidogyne,1280x1024,JPEG,310.18
Meloidogyne (81).jpg,Genus Meloidogyne,1280x1024,JPEG,386.84
Meloidogyne (82).jpg,Genus Meloidogyne,1280x1024,JPEG,453.51
Meloidogyne (83).jpg,Genus Meloidogyne,1280x1024,JPEG,382.91
Meloidogyne (84).jpg,Genus Meloidogyne,1280x1024,JPEG,400.31
Meloidogyne (85).jpg,Genus Meloidogyne,1280x1024,JPEG,441.3
Meloidogyne (86).jpg,Genus Meloidogyne,1280x1024,JPEG,397.7
Meloidogyne (87).jpg,Genus Meloidogyne,1280x1024,JPEG,487.32
Meloidogyne (88).jpg,Genus Meloidogyne,1280x1024,JPEG,372.14
Meloidogyne (89).jpg,Genus Meloidogyne,1280x1024,JPEG,456.17
Meloidogyne (90).jpg,Genus Meloidogyne,1280x1024,JPEG,407.13
Meloidogyne (91).jpg,Genus Meloidogyne,1280x1024,JPEG,452.11
Meloidogyne (92).jpg,Genus Meloidogyne,1280x1024,JPEG,449.29
Meloidogyne (93).jpg,Genus Meloidogyne,1280x1024,JPEG,457.16
Meloidogyne (94).jpg,Genus Meloidogyne,1280x1024,JPEG,378.17
Meloidogyne (95).jpg,Genus Meloidogyne,1280x1024,JPEG,454.57
Meloidogyne (96).jpg,Genus Meloidogyne,1280x1024,JPEG,446.1
Meloidogyne (97).jpg,Genus Meloidogyne,1280x1024,JPEG,414.26
Meloidogyne (98).jpg,Genus Meloidogyne,1280x1024,JPEG,491.76
Meloidogyne (99).jpg,Genus Meloidogyne,1280x1024,JPEG,423.18
Meloidogyne (100).jpg,Genus Meloidogyne,1280x1024,JPEG,425.18
Meloidogyne (101).jpg,Genus Meloidogyne,1280x1024,JPEG,380.29
Meloidogyne (102).jpg,Genus Meloidogyne,1280x1024,JPEG,493.82
Meloidogyne (103).jpg,Genus Meloidogyne,1280x1024,JPEG,484.54
Meloidogyne (104).jpg,Genus Meloidogyne,1280x1024,JPEG,443.26
Meloidogyne (105).jpg,Genus Meloidogyne,1280x1024,JPEG,477.19
Meloidogyne (106).jpg,Genus Meloidogyne,1280x1024,JPEG,403.85
Meloidogyne (107).jpg,Genus Meloidogyne,1280x1024,JPEG,593.46
Meloidogyne (108).jpg,Genus Meloidogyne,1280x1024,JPEG,401.87
Meloidogyne (109).jpg,Genus Meloidogyne,1280x1024,JPEG,464.71
Meloidogyne (110).jpg,Genus Meloidogyne,1280x1024,JPEG,444.69
Meloidogyne (111).jpg,Genus Meloidogyne,1280x1024,JPEG,479.03
Meloidogyne (112).jpg,Genus Meloidogyne,1280x1024,JPEG,409.24
Meloidogyne (113).jpg,Genus Meloidogyne,1280x1024,JPEG,478.73
Meloidogyne (114).jpg,Genus Meloidogyne,1280x1024,JPEG,397.67
Meloidogyne (115).jpg,Genus Meloidogyne,1280x1024,JPEG,423.63
Meloidogyne (116).jpg,Genus Meloidogyne,1280x1024,JPEG,483.26
Meloidogyne (117).jpg,Genus Meloidogyne,1280x1024,JPEG,481.33
Meloidogyne (118).jpg,Genus Meloidogyne,1280x1024,JPEG,471.53
Meloidogyne (119).jpg,Genus Meloidogyne,1280x1024,JPEG,477.57
Meloidogyne (120).jpg,Genus Meloidogyne,1280x1024,JPEG,460.38
Meloidogyne (121).jpg,Genus Meloidogyne,1280x1024,JPEG,472.43
Meloidogyne (122).jpg,Genus Meloidogyne,1280x1024,JPEG,402.62
Meloidogyne (123).jpg,Genus Meloidogyne,1280x1024,JPEG,453.63
Meloidogyne (124).jpg,Genus Meloidogyne,1280x1024,JPEG,461.6
Meloidogyne (125).jpg,Genus Meloidogyne,1280x1024,JPEG,415.84
Meloidogyne (126).jpg,Genus Meloidogyne,1280x1024,JPEG,445.79
Meloidogyne (127).jpg,Genus Meloidogyne,1280x1024,JPEG,377.16
Meloidogyne (128).jpg,Genus Meloidogyne,1280x1024,JPEG,427.39
Meloidogyne (129).jpg,Genus Meloidogyne,1280x1024,JPEG,441.29
Meloidogyne (130).jpg,Genus Meloidogyne,1280x1024,JPEG,432.21
Meloidogyne (131).jpg,Genus Meloidogyne,1280x1024,JPEG,413.81
Meloidogyne (132).jpg,Genus Meloidogyne,1280x1024,JPEG,439.16
Meloidogyne (133).jpg,Genus Meloidogyne,1280x1024,JPEG,374.57
Meloidogyne (134).jpg,Genus Meloidogyne,1280x1024,JPEG,420.24
Meloidogyne (135).jpg,Genus Meloidogyne,1280x1024,JPEG,384.21
Meloidogyne (136).jpg,Genus Meloidogyne,1280x1024,JPEG,391.57
Meloidogyne (137).jpg,Genus Meloidogyne,1280x1024,JPEG,445.74
Meloidogyne (138).jpg,Genus Meloidogyne,1280x1024,JPEG,379.34
Meloidogyne (139).jpg,Genus Meloidogyne,1280x1024,JPEG,412.32
Meloidogyne (140).jpg,Genus Meloidogyne,1280x1024,JPEG,374.97
Meloidogyne (141).jpg,Genus Meloidogyne,1280x1024,JPEG,441.6
Meloidogyne (142).jpg,Genus Meloidogyne,1280x1024,JPEG,412.55
Meloidogyne (143).jpg,Genus Meloidogyne,1280x1024,JPEG,435.32
Meloidogyne (144).jpg,Genus Meloidogyne,1280x1024,JPEG,458.97
Meloidogyne (145).jpg,Genus Meloidogyne,1280x1024,JPEG,377.78
Meloidogyne (146).jpg,Genus Meloidogyne,1280x1024,JPEG,454.26
Meloidogyne (147).jpg,Genus Meloidogyne,1280x1024,JPEG,368.53
Meloidogyne (148).jpg,Genus Meloidogyne,1280x1024,JPEG,389.37
Meloidogyne (149).jpg,Genus Meloidogyne,1280x1024,JPEG,423.67
Meloidogyne (150).jpg,Genus Meloidogyne,1280x1024,JPEG,418.38
Meloidogyne (151).jpg,Genus Meloidogyne,1280x1024,JPEG,370.77
Meloidogyne (152).jpg,Genus Meloidogyne,1280x1024,JPEG,426.66
Meloidogyne (153).jpg,Genus Meloidogyne,1280x1024,JPEG,401.97
Meloidogyne (154).jpg,Genus Meloidogyne,1280x1024,JPEG,389.99
Meloidogyne (155).jpg,Genus Meloidogyne,1280x1024,JPEG,516.99
Meloidogyne (156).jpg,Genus Meloidogyne,1280x1024,JPEG,407.86
Meloidogyne (157).jpg,Genus Meloidogyne,1280x1024,JPEG,392.54
Meloidogyne (158).jpg,Genus Meloidogyne,1280x1024,JPEG,418.1
Meloidogyne (159).jpg,Genus Meloidogyne,1280x1024,JPEG,466.35
Meloidogyne (160).jpg,Genus Meloidogyne,1280x1024,JPEG,378.47
Meloidogyne (161).jpg,Genus Meloidogyne,1280x1024,JPEG,433.52
Meloidogyne (162).jpg,Genus Meloidogyne,1280x1024,JPEG,463.31
Meloidogyne (163).jpg,Genus Meloidogyne,1280x1024,JPEG,391.26
Meloidogyne (164).jpg,Genus Meloidogyne,1280x1024,JPEG,419.46
Meloidogyne (165).jpg,Genus Meloidogyne,1280x1024,JPEG,371.0
Meloidogyne (166).jpg,Genus Meloidogyne,1280x1024,JPEG,435.66
Meloidogyne (167).jpg,Genus Meloidogyne,1280x1024,JPEG,383.91
Meloidogyne (168).jpg,Genus Meloidogyne,1280x1024,JPEG,376.69
Meloidogyne (169).jpg,Genus Meloidogyne,1280x1024,JPEG,477.54
Meloidogyne (170).jpg,Genus Meloidogyne,1280x1024,JPEG,396.37
Meloidogyne (171).jpg,Genus Meloidogyne,1280x1024,JPEG,390.51
Meloidogyne (172).jpg,Genus Meloidogyne,1280x1024,JPEG,391.56
Meloidogyne (173).jpg,Genus Meloidogyne,1280x1024,JPEG,452.78
Meloidogyne (174).jpg,Genus Meloidogyne,1280x1024,JPEG,386.02
Meloidogyne (175).jpg,Genus Meloidogyne,1280x1024,JPEG,420.5
Meloidogyne (176).jpg,Genus Meloidogyne,1280x1024,JPEG,383.13
Meloidogyne (177).jpg,Genus Meloidogyne,1280x1024,JPEG,398.01
Meloidogyne (178).jpg,Genus Meloidogyne,1280x1024,JPEG,410.39
Meloidogyne (179).jpg,Genus Meloidogyne,1280x1024,JPEG,462.01
Meloidogyne (180).jpg,Genus Meloidogyne,1280x1024,JPEG,426.78
Meloidogyne (181).jpg,Genus Meloidogyne,1280x1024,JPEG,401.95
Meloidogyne (182).jpg,Genus Meloidogyne,1280x1024,JPEG,496.12
Meloidogyne (183).jpg,Genus Meloidogyne,1280x1024,JPEG,419.0
Meloidogyne (184).jpg,Genus Meloidogyne,1280x1024,JPEG,453.2
Meloidogyne (185).jpg,Genus Meloidogyne,1280x1024,JPEG,403.7
Meloidogyne (186).jpg,Genus Meloidogyne,1280x1024,JPEG,447.53
Meloidogyne (187).jpg,Genus Meloidogyne,1280x1024,JPEG,447.69
Meloidogyne (188).jpg,Genus Meloidogyne,1280x1024,JPEG,509.62
Meloidogyne (189).jpg,Genus Meloidogyne,1280x1024,JPEG,406.1
Meloidogyne (190).jpg,Genus Meloidogyne,1280x1024,JPEG,440.43
Meloidogyne (191).jpg,Genus Meloidogyne,1280x1024,JPEG,382.21
Meloidogyne (192).jpg,Genus Meloidogyne,1280x1024,JPEG,495.03
Meloidogyne (193).jpg,Genus Meloidogyne,1280x1024,JPEG,420.79
Meloidogyne (194).jpg,Genus Meloidogyne,1280x1024,JPEG,405.22
Meloidogyne (195).jpg,Genus Meloidogyne,1280x1024,JPEG,595.15
Meloidogyne (196).jpg,Genus Meloidogyne,1280x1024,JPEG,430.74
Meloidogyne (197).jpg,Genus Meloidogyne,1280x1024,JPEG,617.01
Meloidogyne (198).jpg,Genus Meloidogyne,1280x1024,JPEG,381.4
Meloidogyne (199).jpg,Genus Meloidogyne,1280x1024,JPEG,459.58
Meloidogyne (200).jpg,Genus Meloidogyne,1280x1024,JPEG,424.58
Meloidogyne (201).jpg,Genus Meloidogyne,1280x1024,JPEG,395.72
Meloidogyne (202).jpg,Genus Meloidogyne,1280x1024,JPEG,480.54
Meloidogyne (203).jpg,Genus Meloidogyne,1280x1024,JPEG,391.91
Meloidogyne (204).jpg,Genus Meloidogyne,1280x1024,JPEG,434.89
Meloidogyne (205).jpg,Genus Meloidogyne,1280x1024,JPEG,403.67
Meloidogyne (206).jpg,Genus Meloidogyne,1280x1024,JPEG,426.0
Meloidogyne (207).jpg,Genus Meloidogyne,1280x1024,JPEG,397.94
Meloidogyne (208).jpg,Genus Meloidogyne,1280x1024,JPEG,407.77
Meloidogyne (209).jpg,Genus Meloidogyne,1280x1024,JPEG,374.23
Meloidogyne (210).jpg,Genus Meloidogyne,1280x1024,JPEG,369.17
Meloidogyne (211).jpg,Genus Meloidogyne,1280x1024,JPEG,244.15
Pratylenchus (1).jpg,Genus Pratylenchus,1280x1024,JPEG,339.56
Pratylenchus (2).jpg,Genus Pratylenchus,1280x1024,JPEG,460.92
Pratylenchus (3).jpg,Genus Pratylenchus,1280x1024,JPEG,453.77
Pratylenchus (4).jpg,Genus Pratylenchus,1280x1024,JPEG,533.56
Pratylenchus (5).jpg,Genus Pratylenchus,1280x1024,JPEG,461.4
Pratylenchus (6).jpg,Genus Pratylenchus,1280x1024,JPEG,408.1
Pratylenchus (7).jpg,Genus Pratylenchus,1280x1024,JPEG,459.83
Pratylenchus (8).jpg,Genus Pratylenchus,1280x1024,JPEG,414.39
Pratylenchus (9).jpg,Genus Pratylenchus,1280x1024,JPEG,548.4
Pratylenchus (10).jpg,Genus Pratylenchus,1280x1024,JPEG,542.02
Pratylenchus (11).jpg,Genus Pratylenchus,1280x1024,JPEG,533.56
Pratylenchus (12).jpg,Genus Pratylenchus,1280x1024,JPEG,431.74
Pratylenchus (13).jpg,Genus Pratylenchus,1280x1024,JPEG,442.48
Pratylenchus (14).jpg,Genus Pratylenchus,1280x1024,JPEG,402.19
Pratylenchus (15).jpg,Genus Pratylenchus,1280x1024,JPEG,514.86
Pratylenchus (16).jpg,Genus Pratylenchus,1280x1024,JPEG,420.42
Pratylenchus (17).jpg,Genus Pratylenchus,1280x1024,JPEG,436.95
Pratylenchus (18).jpg,Genus Pratylenchus,1280x1024,JPEG,484.08
Pratylenchus (19).jpg,Genus Pratylenchus,1280x1024,JPEG,456.79
Pratylenchus (20).jpg,Genus Pratylenchus,1280x1024,JPEG,383.67
Pratylenchus (21).jpg,Genus Pratylenchus,1280x1024,JPEG,362.81
Pratylenchus (22).jpg,Genus Pratylenchus,1280x1024,JPEG,391.96
Pratylenchus (23).jpg,Genus Pratylenchus,1280x1024,JPEG,422.19
Pratylenchus (24).jpg,Genus Pratylenchus,1280x1024,JPEG,358.92
Pratylenchus (25).jpg,Genus Pratylenchus,1280x1024,JPEG,396.8
Pratylenchus (26).jpg,Genus Pratylenchus,1280x1024,JPEG,366.99
Pratylenchus (27).jpg,Genus Pratylenchus,1280x1024,JPEG,395.68
Pratylenchus (28).jpg,Genus Pratylenchus,1280x1024,JPEG,355.39
Pratylenchus (29).jpg,Genus Pratylenchus,1280x1024,JPEG,400.47
Pratylenchus (30).jpg,Genus Pratylenchus,1280x1024,JPEG,401.07
Pratylenchus (31).jpg,Genus Pratylenchus,1280x1024,JPEG,417.24
Pratylenchus (32).jpg,Genus Pratylenchus,1280x1024,JPEG,364.67
Pratylenchus (33).jpg,Genus Pratylenchus,1280x1024,JPEG,441.66
Pratylenchus (34).jpg,Genus Pratylenchus,1280x1024,JPEG,431.46
Pratylenchus (35).jpg,Genus Pratylenchus,1280x1024,JPEG,435.65
Pratylenchus (36).jpg,Genus Pratylenchus,1280x1024,JPEG,398.9
Pratylenchus (37).jpg,Genus Pratylenchus,1280x1024,JPEG,402.94
Pratylenchus (38).jpg,Genus Pratylenchus,1280x1024,JPEG,407.24
Pratylenchus (39).jpg,Genus Pratylenchus,1280x1024,JPEG,393.08
Pratylenchus (40).jpg,Genus Pratylenchus,1280x1024,JPEG,372.18
Pratylenchus (41).jpg,Genus Pratylenchus,1280x1024,JPEG,413.76
Pratylenchus (42).jpg,Genus Pratylenchus,1280x1024,JPEG,419.4
Pratylenchus (43).jpg,Genus Pratylenchus,1280x1024,JPEG,431.78
Pratylenchus (44).jpg,Genus Pratylenchus,1280x1024,JPEG,398.02
Pratylenchus (45).jpg,Genus Pratylenchus,1280x1024,JPEG,430.1
Pratylenchus (46).jpg,Genus Pratylenchus,1280x1024,JPEG,431.96
Pratylenchus (47).jpg,Genus Pratylenchus,1280x1024,JPEG,404.49
Pratylenchus (48).jpg,Genus Pratylenchus,1280x1024,JPEG,407.17
Pratylenchus (49).jpg,Genus Pratylenchus,1280x1024,JPEG,443.36
Pratylenchus (50).jpg,Genus Pratylenchus,1280x1024,JPEG,478.73
Pratylenchus (51).jpg,Genus Pratylenchus,1280x1024,JPEG,402.05
Pratylenchus (52).jpg,Genus Pratylenchus,1280x1024,JPEG,440.1
Pratylenchus (53).jpg,Genus Pratylenchus,1280x1024,JPEG,427.81
Pratylenchus (54).jpg,Genus Pratylenchus,1280x1024,JPEG,422.97
Pratylenchus (55).jpg,Genus Pratylenchus,1280x1024,JPEG,382.65
Pratylenchus (56).jpg,Genus Pratylenchus,1280x1024,JPEG,365.83
Pratylenchus (57).jpg,Genus Pratylenchus,1280x1024,JPEG,378.93
Pratylenchus (58).jpg,Genus Pratylenchus,1280x1024,JPEG,452.53
Pratylenchus (59).jpg,Genus Pratylenchus,1280x1024,JPEG,381.35
Pratylenchus (60).jpg,Genus Pratylenchus,1280x1024,JPEG,383.38
Pratylenchus (61).jpg,Genus Pratylenchus,1280x1024,JPEG,413.85
Pratylenchus (62).jpg,Genus Pratylenchus,1280x1024,JPEG,455.97
Pratylenchus (63).jpg,Genus Pratylenchus,1280x1024,JPEG,477.5
Pratylenchus (64).jpg,Genus Pratylenchus,1280x1024,JPEG,368.95
Pratylenchus (65).jpg,Genus Pratylenchus,1280x1024,JPEG,518.43
Pratylenchus (66).jpg,Genus Pratylenchus,1280x1024,JPEG,533.83
Pratylenchus (67).jpg,Genus Pratylenchus,1280x1024,JPEG,429.12
Pratylenchus (68).jpg,Genus Pratylenchus,1280x1024,JPEG,372.11
Pratylenchus (69).jpg,Genus Pratylenchus,1280x1024,JPEG,426.76
Pratylenchus (70).jpg,Genus Pratylenchus,1280x1024,JPEG,393.85
Pratylenchus (71).jpg,Genus Pratylenchus,1280x1024,JPEG,428.19
Pratylenchus (72).jpg,Genus Pratylenchus,1280x1024,JPEG,392.79
Pratylenchus (73).jpg,Genus Pratylenchus,1280x1024,JPEG,415.4
Pratylenchus (74).jpg,Genus Pratylenchus,1280x1024,JPEG,382.31
Pratylenchus (75).jpg,Genus Pratylenchus,1280x1024,JPEG,513.6
Pratylenchus (76).jpg,Genus Pratylenchus,1280x1024,JPEG,419.1
Pratylenchus (77).jpg,Genus Pratylenchus,1280x1024,JPEG,515.05
Pratylenchus (78).jpg,Genus Pratylenchus,1280x1024,JPEG,424.69
Pratylenchus (79).jpg,Genus Pratylenchus,1280x1024,JPEG,444.6
Pratylenchus (80).jpg,Genus Pratylenchus,1280x1024,JPEG,395.56
Pratylenchus (81).jpg,Genus Pratylenchus,1280x1024,JPEG,416.38
Pratylenchus (82).jpg,Genus Pratylenchus,1280x1024,JPEG,414.05
Pratylenchus (83).jpg,Genus Pratylenchus,1280x1024,JPEG,401.73
Pratylenchus (84).jpg,Genus Pratylenchus,1280x1024,JPEG,427.3
Pratylenchus (85).jpg,Genus Pratylenchus,1280x1024,JPEG,415.46
Pratylenchus (86).jpg,Genus Pratylenchus,1280x1024,JPEG,368.91
Pratylenchus (87).jpg,Genus Pratylenchus,1280x1024,JPEG,397.51
Pratylenchus (88).jpg,Genus Pratylenchus,1280x1024,JPEG,433.44
Pratylenchus (89).jpg,Genus Pratylenchus,1280x1024,JPEG,400.98
Pratylenchus (90).jpg,Genus Pratylenchus,1280x1024,JPEG,415.47
Pratylenchus (91).jpg,Genus Pratylenchus,1280x1024,JPEG,384.14
Pratylenchus (92).jpg,Genus Pratylenchus,1280x1024,JPEG,386.22
Pratylenchus (93).jpg,Genus Pratylenchus,1280x1024,JPEG,378.64
Pratylenchus (94).jpg,Genus Pratylenchus,1280x1024,JPEG,414.8
Pratylenchus (95).jpg,Genus Pratylenchus,1280x1024,JPEG,422.96
Pratylenchus (96).jpg,Genus Pratylenchus,1280x1024,JPEG,415.47
Pratylenchus (97).jpg,Genus Pratylenchus,1280x1024,JPEG,436.74
Pratylenchus (98).jpg,Genus Pratylenchus,1280x1024,JPEG,378.72
Pratylenchus (99).jpg,Genus Pratylenchus,1280x1024,JPEG,370.55
Pratylenchus (100).jpg,Genus Pratylenchus,1280x1024,JPEG,390.71
Pratylenchus (101).jpg,Genus Pratylenchus,1280x1024,JPEG,385.64
Pratylenchus (102).jpg,Genus Pratylenchus,1280x1024,JPEG,388.02
Pratylenchus (103).jpg,Genus Pratylenchus,1280x1024,JPEG,425.03
Pratylenchus (104).jpg,Genus Pratylenchus,1280x1024,JPEG,422.63
Pratylenchus (105).jpg,Genus Pratylenchus,1280x1024,JPEG,397.86
Pratylenchus (106).jpg,Genus Pratylenchus,1280x1024,JPEG,417.33
Pratylenchus (107).jpg,Genus Pratylenchus,1280x1024,JPEG,396.85
Pratylenchus (108).jpg,Genus Pratylenchus,1280x1024,JPEG,383.62
Pratylenchus (109).jpg,Genus Pratylenchus,1280x1024,JPEG,426.39
Pratylenchus (110).jpg,Genus Pratylenchus,1280x1024,JPEG,420.18
Pratylenchus (111).jpg,Genus Pratylenchus,1280x1024,JPEG,384.84
Pratylenchus (112).jpg,Genus Pratylenchus,1280x1024,JPEG,421.52
Pratylenchus (113).jpg,Genus Pratylenchus,1280x1024,JPEG,339.59
Pratylenchus (114).jpg,Genus Pratylenchus,1280x1024,JPEG,406.57
Pratylenchus (115).jpg,Genus Pratylenchus,1280x1024,JPEG,296.2
Pratylenchus (116).jpg,Genus Pratylenchus,1280x1024,JPEG,306.73
Radopholus (1).jpg,Genus Radopholus,1280x1024,JPEG,343.57
Radopholus (2).jpg,Genus Radopholus,1280x1024,JPEG,257.72
Radopholus (3).jpg,Genus Radopholus,1280x1024,JPEG,385.05
Radopholus (4).jpg,Genus Radopholus,1280x1024,JPEG,370.63
Radopholus (5).jpg,Genus Radopholus,1280x1024,JPEG,367.6
Radopholus (6).jpg,Genus Radopholus,1280x1024,JPEG,370.08
Radopholus (7).jpg,Genus Radopholus,1280x1024,JPEG,383.91
Radopholus (8).jpg,Genus Radopholus,1280x1024,JPEG,369.76
Radopholus (9).jpg,Genus Radopholus,1280x1024,JPEG,367.6
Radopholus (10).jpg,Genus Radopholus,1280x1024,JPEG,343.34
Radopholus (11).jpg,Genus Radopholus,1280x1024,JPEG,272.41
Radopholus (12).jpg,Genus Radopholus,1280x1024,JPEG,251.74
Radopholus (13).jpg,Genus Radopholus,1280x1024,JPEG,413.29
Radopholus (14).jpg,Genus Radopholus,1280x1024,JPEG,376.44
Radopholus (15).jpg,Genus Radopholus,1280x1024,JPEG,372.96
Radopholus (16).jpg,Genus Radopholus,1280x1024,JPEG,316.12
Radopholus (17).jpg,Genus Radopholus,1280x1024,JPEG,383.91
Radopholus (18).jpg,Genus Radopholus,1280x1024,JPEG,370.08
Radopholus (19).jpg,Genus Radopholus,1280x1024,JPEG,343.57
Radopholus (20).jpg,Genus Radopholus,1280x1024,JPEG,325.15
Radopholus (21).jpg,Genus Radopholus,1280x1024,JPEG,386.63
Radopholus (22).jpg,Genus Radopholus,1280x1024,JPEG,376.91
Radopholus (23).jpg,Genus Radopholus,1280x1024,JPEG,333.12
Radopholus (24).jpg,Genus Radopholus,1280x1024,JPEG,344.51
Radopholus (25).jpg,Genus Radopholus,1280x1024,JPEG,362.05
Radopholus (26).jpg,Genus Radopholus,1280x1024,JPEG,330.59
Radopholus (27).jpg,Genus Radopholus,1280x1024,JPEG,333.23
Radopholus (28).jpg,Genus Radopholus,1280x1024,JPEG,400.7
Radopholus (29).jpg,Genus Radopholus,1280x1024,JPEG,532.18
Radopholus (30).jpg,Genus Radopholus,1280x1024,JPEG,544.75
Radopholus (31).jpg,Genus Radopholus,1280x1024,JPEG,501.06
Trichodorus (1).jpg,Genus Trichodorus,1280x1024,JPEG,408.53
Trichodorus (2).jpg,Genus Trichodorus,1280x1024,JPEG,360.18
Trichodorus (3).jpg,Genus Trichodorus,1280x1024,JPEG,389.54
Trichodorus (4).jpg,Genus Trichodorus,1280x1024,JPEG,361.58
Trichodorus (5).jpg,Genus Trichodorus,1280x1024,JPEG,297.54
Trichodorus (6).jpg,Genus Trichodorus,1280x1024,JPEG,278.81
Trichodorus (7).jpg,Genus Trichodorus,1280x1024,JPEG,387.43
Trichodorus (8).jpg,Genus Trichodorus,1280x1024,JPEG,406.3
Trichodorus (9).jpg,Genus Trichodorus,1280x1024,JPEG,370.71
Trichodorus (10).jpg,Genus Trichodorus,1280x1024,JPEG,294.13
Trichodorus (11).jpg,Genus Trichodorus,1280x1024,JPEG,340.58
Trichodorus (12).jpg,Genus Trichodorus,1280x1024,JPEG,417.02
Trichodorus (13).jpg,Genus Trichodorus,1280x1024,JPEG,378.49
Trichodorus (14).jpg,Genus Trichodorus,1280x1024,JPEG,399.37
Trichodorus (15).jpg,Genus Trichodorus,1280x1024,JPEG,377.58
Trichodorus (16).jpg,Genus Trichodorus,1280x1024,JPEG,418.13
Trichodorus (17).jpg,Genus Trichodorus,1280x1024,JPEG,354.77
Trichodorus (18).jpg,Genus Trichodorus,1280x1024,JPEG,379.45
Trichodorus (19).jpg,Genus Trichodorus,1280x1024,JPEG,365.95
Trichodorus (20).jpg,Genus Trichodorus,1280x1024,JPEG,389.44
Trichodorus (21).jpg,Genus Trichodorus,1280x1024,JPEG,293.8
Trichodorus (22).jpg,Genus Trichodorus,1280x1024,JPEG,377.6
Trichodorus (23).jpg,Genus Trichodorus,1280x1024,JPEG,417.76
Trichodorus (24).jpg,Genus Trichodorus,1280x1024,JPEG,370.07
Trichodorus (25).jpg,Genus Trichodorus,1280x1024,JPEG,346.22
Trichodorus (26).jpg,Genus Trichodorus,1280x1024,JPEG,411.56
Trichodorus (27).jpg,Genus Trichodorus,1280x1024,JPEG,387.52
Trichodorus (28).jpg,Genus Trichodorus,1280x1024,JPEG,252.75
Trichodorus (29).jpg,Genus Trichodorus,1280x1024,JPEG,374.67
Trichodorus (30).jpg,Genus Trichodorus,1280x1024,JPEG,250.32
Trichodorus (31).jpg,Genus Trichodorus,1280x1024,JPEG,278.81
Trichodorus (32).jpg,Genus Trichodorus,1280x1024,JPEG,360.18
Trichodorus (33).jpg,Genus Trichodorus,1280x1024,JPEG,387.43
Trichodorus (34).jpg,Genus Trichodorus,1280x1024,JPEG,361.58
Trichodorus (35).jpg,Genus Trichodorus,1280x1024,JPEG,370.71
Trichodorus (36).jpg,Genus Trichodorus,1280x1024,JPEG,294.13
Trichodorus (37).jpg,Genus Trichodorus,1280x1024,JPEG,354.77
Trichodorus (38).jpg,Genus Trichodorus,1280x1024,JPEG,365.95
Trichodorus (39).jpg,Genus Trichodorus,1280x1024,JPEG,389.44
Trichodorus (40).jpg,Genus Trichodorus,1280x1024,JPEG,293.8
Trichodorus (41).jpg,Genus Trichodorus,1280x1024,JPEG,360.09
Trichodorus (42).jpg,Genus Trichodorus,1280x1024,JPEG,356.18
Trichodorus (43).jpg,Genus Trichodorus,1280x1024,JPEG,384.41
Trichodorus (44).jpg,Genus Trichodorus,1280x1024,JPEG,327.27
Xiphinema (1).jpg,Genus Xiphinema,1280x1024,JPEG,526.01
Xiphinema (2).jpg,Genus Xiphinema,1280x1024,JPEG,416.03
Xiphinema (3).jpg,Genus Xiphinema,1280x1024,JPEG,429.28
Xiphinema (4).jpg,Genus Xiphinema,1280x1024,JPEG,336.71
Xiphinema (5).jpg,Genus Xiphinema,1280x1024,JPEG,296.93
Xiphinema (6).jpg,Genus Xiphinema,1280x1024,JPEG,372.4
Xiphinema (7).jpg,Genus Xiphinema,1280x1024,JPEG,368.23
Xiphinema (8).jpg,Genus Xiphinema,1280x1024,JPEG,537.01
Xiphinema (9).jpg,Genus Xiphinema,1280x1024,JPEG,521.1
Xiphinema (10).jpg,Genus Xiphinema,1280x1024,JPEG,537.01
Xiphinema (11).jpg,Genus Xiphinema,1280x1024,JPEG,245.41
Xiphinema (12).jpg,Genus Xiphinema,1280x1024,JPEG,521.1
Xiphinema (13).jpg,Genus Xiphinema,1280x1024,JPEG,533.53
Xiphinema (14).jpg,Genus Xiphinema,1280x1024,JPEG,526.01
Xiphinema (15).jpg,Genus Xiphinema,1280x1024,JPEG,374.25
Xiphinema (16).jpg,Genus Xiphinema,1280x1024,JPEG,528.39
Xiphinema (17).jpg,Genus Xiphinema,1280x1024,JPEG,463.95
Xiphinema (18).jpg,Genus Xiphinema,1280x1024,JPEG,609.92
Xiphinema (19).jpg,Genus Xiphinema,1280x1024,JPEG,378.41
Xiphinema (20).jpg,Genus Xiphinema,1280x1024,JPEG,365.88
Xiphinema (21).jpg,Genus Xiphinema,1280x1024,JPEG,382.07
Xiphinema (22).jpg,Genus Xiphinema,1280x1024,JPEG,371.57
Xiphinema (23).jpg,Genus Xiphinema,1280x1024,JPEG,368.96
Xiphinema (24).jpg,Genus Xiphinema,1280x1024,JPEG,369.75
Xiphinema (25).jpg,Genus Xiphinema,1280x1024,JPEG,385.69
Xiphinema (26).jpg,Genus Xiphinema,1280x1024,JPEG,432.03
Xiphinema (27).jpg,Genus Xiphinema,1280x1024,JPEG,479.38
Xiphinema (28).jpg,Genus Xiphinema,1280x1024,JPEG,365.54
Xiphinema (29).jpg,Genus Xiphinema,1280x1024,JPEG,461.72
Xiphinema (30).jpg,Genus Xiphinema,1280x1024,JPEG,450.87
Xiphinema (31).jpg,Genus Xiphinema,1280x1024,JPEG,392.87
Xiphinema (32).jpg,Genus Xiphinema,1280x1024,JPEG,445.55
Xiphinema (33).jpg,Genus Xiphinema,1280x1024,JPEG,373.11
Xiphinema (34).jpg,Genus Xiphinema,1280x1024,JPEG,380.35
Xiphinema (35).jpg,Genus Xiphinema,1280x1024,JPEG,434.15
Xiphinema (36).jpg,Genus Xiphinema,1280x1024,JPEG,369.61
Xiphinema (37).jpg,Genus Xiphinema,1280x1024,JPEG,457.06
Xiphinema (38).jpg,Genus Xiphinema,1280x1024,JPEG,370.53
Xiphinema (39).jpg,Genus Xiphinema,1280x1024,JPEG,368.0
Xiphinema (40).jpg,Genus Xiphinema,1280x1024,JPEG,389.15
Xiphinema (41).jpg,Genus Xiphinema,1280x1024,JPEG,378.09
Xiphinema (42).jpg,Genus Xiphinema,1280x1024,JPEG,537.94
Xiphinema (43).jpg,Genus Xiphinema,1280x1024,JPEG,371.65
Xiphinema (44).jpg,Genus Xiphinema,1280x1024,JPEG,432.12
Xiphinema (45).jpg,Genus Xiphinema,1280x1024,JPEG,437.45
Xiphinema (46).jpg,Genus Xiphinema,1280x1024,JPEG,417.59
Xiphinema (47).jpg,Genus Xiphinema,1280x1024,JPEG,389.53
Xiphinema (48).jpg,Genus Xiphinema,1280x1024,JPEG,388.18
Xiphinema (49).jpg,Genus Xiphinema,1280x1024,JPEG,371.84
Xiphinema (50).jpg,Genus Xiphinema,1280x1024,JPEG,406.19
Xiphinema (51).jpg,Genus Xiphinema,1280x1024,JPEG,391.02
Xiphinema (52).jpg,Genus Xiphinema,1280x1024,JPEG,368.89
Xiphinema (53).jpg,Genus Xiphinema,1280x1024,JPEG,367.54
Xiphinema (54).jpg,Genus Xiphinema,1280x1024,JPEG,500.41
Xiphinema (55).jpg,Genus Xiphinema,1280x1024,JPEG,365.98
Xiphinema (56).jpg,Genus Xiphinema,1280x1024,JPEG,394.9
Xiphinema (57).jpg,Genus Xiphinema,1280x1024,JPEG,421.23
Xiphinema (58).jpg,Genus Xiphinema,1280x1024,JPEG,379.02
Xiphinema (59).jpg,Genus Xiphinema,1280x1024,JPEG,425.25
Xiphinema (60).jpg,Genus Xiphinema,1280x1024,JPEG,365.99
Xiphinema (61).jpg,Genus Xiphinema,1280x1024,JPEG,537.01
Xiphinema (62).jpg,Genus Xiphinema,1280x1024,JPEG,409.28
Xiphinema (63).jpg,Genus Xiphinema,1280x1024,JPEG,388.65
Xiphinema (64).jpg,Genus Xiphinema,1280x1024,JPEG,379.52
Xiphinema (65).jpg,Genus Xiphinema,1280x1024,JPEG,361.54
Xiphinema (66).jpg,Genus Xiphinema,1280x1024,JPEG,521.1
Xiphinema (67).jpg,Genus Xiphinema,1280x1024,JPEG,526.01
Xiphinema (68).jpg,Genus Xiphinema,1280x1024,JPEG,416.03
Xiphinema (69).jpg,Genus Xiphinema,1280x1024,JPEG,336.71
Xiphinema (70).jpg,Genus Xiphinema,1280x1024,JPEG,433.03
Xiphinema (71).jpg,Genus Xiphinema,1280x1024,JPEG,440.67
Xiphinema (72).jpg,Genus Xiphinema,1280x1024,JPEG,368.23
Xiphinema (73).jpg,Genus Xiphinema,1280x1024,JPEG,245.41
Xiphinema (74).jpg,Genus Xiphinema,1280x1024,JPEG,429.74
Xiphinema (75).jpg,Genus Xiphinema,1280x1024,JPEG,429.28
Xiphinema (76).jpg,Genus Xiphinema,1280x1024,JPEG,400.61
Xiphinema (77).jpg,Genus Xiphinema,1280x1024,JPEG,533.53
Xiphinema (78).jpg,Genus Xiphinema,1280x1024,JPEG,418.48
Xiphinema (79).jpg,Genus Xiphinema,1280x1024,JPEG,388.02
Xiphinema (80).jpg,Genus Xiphinema,1280x1024,JPEG,389.11
Xiphinema (81).jpg,Genus Xiphinema,1280x1024,JPEG,406.88
Xiphinema (82).jpg,Genus Xiphinema,1280x1024,JPEG,398.72
Xiphinema (83).jpg,Genus Xiphinema,1280x1024,JPEG,510.58
Xiphinema (84).jpg,Genus Xiphinema,1280x1024,JPEG,522.88
Xiphinema (85).jpg,Genus Xiphinema,1280x1024,JPEG,348.95
